Hotel,LT,ADM,ADWM
1.0,0.0,1.0,1.0
1.0,0.2911392405063291,0.8888888888888888,0.8717948717948718
0.0,1.0,0.5555555555555556,0.5384615384615384
1.0,0.7848101265822784,0.0,0.0
